{
  "events": [],
  "last_run": "2025-08-18T21:32:20.144026",
  "total_processed": 431,
  "total_matched": 424,
  "total_with_ev": 0,
  "match_rate": 98.37587006960557,
  "ev_rate": 0.0
}